,Momentum,Value,Size,Quality
Momentum,1.0,-0.42928777239556815,-0.07626291969259927,0.1851572417959104
Value,-0.42928777239556815,1.0,-0.021664384350564482,0.03253697583607372
Size,-0.07626291969259927,-0.021664384350564482,1.0,-0.41868634267741534
Quality,0.1851572417959104,0.03253697583607372,-0.41868634267741534,1.0
