,Coefficient,t_stat,p_value
const,0.019655256099521907,4.380901458187908,2.225653476767961e-05
Momentum,0.2886827029819772,2.46488092874586,0.014849574757241461
Value,0.04066349856678695,0.24992674173693266,0.8029905748020298
Size,-0.0612533468877752,-0.22771145366762044,0.820184845851157
Quality,-0.5329220508788953,-1.8036194073154177,0.07332495218414993
